{
  "trackname": "cunty",
  "artist": "bastrd",
  "isBattleTrack": true,
  "bpm": 88,
  "numbars": 4,
  "kickbeats": [
    0.0,
    0.7708331277777776,
    2.2499993999999996,
    2.4999993333333332,
    3.9895822694444436,
    4.760415397222221,
    6.27083166111111,
    6.510414930555554,
    7.999997866666665,
    8.781247658333333,
    10.260413930555554,
    10.48958053611111,
    11.999996799999998,
    12.781246591666665,
    14.281246191666666,
    14.510412797222221
  ],
  "snarebeats": [
    1.4999995999999998,
    2.979165872222222,
    5.489581869444444,
    6.989581469444444,
    9.499997466666665,
    10.979163738888888,
    13.47916307222222,
    14.97916267222222
  ]
}
